"file","caption","alt_text","category","png_time","StartTime"
"bio1_sizeatage.png","Length at age in the beginning of the year (or season) in the ending year of the model. Shaded area indicates 95% distribution of length at age around estimated growth curve.",NA,"Bio",2025-03-30 11:14:59.825905,"StartTime: Sat Mar 29 20:41:11 2025"
"bio2_sizeatage_plus_CV_and_SD.png","Length at age (top-left panel) with CV (thick line) and SD (thin line) of length at age shown in top-right and lower-left panels",NA,"Bio",2025-03-30 11:14:59.825905,"StartTime: Sat Mar 29 20:41:11 2025"
"bio3_sizeatage_plus_WT_and_MAT.png","Length at age (top-left panel) with weight (thick line) and maturity (thin line) shown in top-right and lower-left panels",NA,"Bio",2025-03-30 11:14:59.825905,"StartTime: Sat Mar 29 20:41:11 2025"
"bio1B_len_at_age_matrix_1.png","Distribution of length at age for seas: 1 sub_seas: 1 morph: 1",NA,"Bio",2025-03-30 11:14:59.825905,"StartTime: Sat Mar 29 20:41:11 2025"
"bio1B_len_at_age_matrix_2.png","Distribution of length at age for seas: 1 sub_seas: 1 morph: 2",NA,"Bio",2025-03-30 11:14:59.825905,"StartTime: Sat Mar 29 20:41:11 2025"
"bio1B_len_at_age_matrix_3.png","Distribution of length at age for seas: 1 sub_seas: 1 morph: 3",NA,"Bio",2025-03-30 11:14:59.825905,"StartTime: Sat Mar 29 20:41:11 2025"
"bio1B_len_at_age_matrix_4.png","Distribution of length at age for seas: 1 sub_seas: 1 morph: 4",NA,"Bio",2025-03-30 11:14:59.825905,"StartTime: Sat Mar 29 20:41:11 2025"
"bio1B_len_at_age_matrix_5.png","Distribution of length at age for seas: 1 sub_seas: 2 morph: 1",NA,"Bio",2025-03-30 11:14:59.825905,"StartTime: Sat Mar 29 20:41:11 2025"
"bio1B_len_at_age_matrix_6.png","Distribution of length at age for seas: 1 sub_seas: 2 morph: 2",NA,"Bio",2025-03-30 11:14:59.825905,"StartTime: Sat Mar 29 20:41:11 2025"
"bio1B_len_at_age_matrix_7.png","Distribution of length at age for seas: 1 sub_seas: 2 morph: 3",NA,"Bio",2025-03-30 11:14:59.825905,"StartTime: Sat Mar 29 20:41:11 2025"
"bio1B_len_at_age_matrix_8.png","Distribution of length at age for seas: 1 sub_seas: 2 morph: 4",NA,"Bio",2025-03-30 11:14:59.825905,"StartTime: Sat Mar 29 20:41:11 2025"
"bio1B_len_at_age_matrix_9.png","Distribution of length at age for seas: 2 sub_seas: 1 morph: 1",NA,"Bio",2025-03-30 11:14:59.825905,"StartTime: Sat Mar 29 20:41:11 2025"
"bio1B_len_at_age_matrix_10.png","Distribution of length at age for seas: 2 sub_seas: 1 morph: 2",NA,"Bio",2025-03-30 11:14:59.825905,"StartTime: Sat Mar 29 20:41:11 2025"
"bio1B_len_at_age_matrix_11.png","Distribution of length at age for seas: 2 sub_seas: 1 morph: 3",NA,"Bio",2025-03-30 11:14:59.825905,"StartTime: Sat Mar 29 20:41:11 2025"
"bio1B_len_at_age_matrix_12.png","Distribution of length at age for seas: 2 sub_seas: 1 morph: 4",NA,"Bio",2025-03-30 11:14:59.825905,"StartTime: Sat Mar 29 20:41:11 2025"
"bio1B_len_at_age_matrix_13.png","Distribution of length at age for seas: 2 sub_seas: 2 morph: 1",NA,"Bio",2025-03-30 11:14:59.825905,"StartTime: Sat Mar 29 20:41:11 2025"
"bio1B_len_at_age_matrix_14.png","Distribution of length at age for seas: 2 sub_seas: 2 morph: 2",NA,"Bio",2025-03-30 11:14:59.825905,"StartTime: Sat Mar 29 20:41:11 2025"
"bio1B_len_at_age_matrix_15.png","Distribution of length at age for seas: 2 sub_seas: 2 morph: 3",NA,"Bio",2025-03-30 11:14:59.825905,"StartTime: Sat Mar 29 20:41:11 2025"
"bio1B_len_at_age_matrix_16.png","Distribution of length at age for seas: 2 sub_seas: 2 morph: 4",NA,"Bio",2025-03-30 11:14:59.825905,"StartTime: Sat Mar 29 20:41:11 2025"
"bio1B_len_at_age_matrix_17.png","Distribution of length at age for seas: 3 sub_seas: 1 morph: 1",NA,"Bio",2025-03-30 11:14:59.825905,"StartTime: Sat Mar 29 20:41:11 2025"
"bio1B_len_at_age_matrix_18.png","Distribution of length at age for seas: 3 sub_seas: 1 morph: 2",NA,"Bio",2025-03-30 11:14:59.825905,"StartTime: Sat Mar 29 20:41:11 2025"
"bio1B_len_at_age_matrix_19.png","Distribution of length at age for seas: 3 sub_seas: 1 morph: 3",NA,"Bio",2025-03-30 11:14:59.825905,"StartTime: Sat Mar 29 20:41:11 2025"
"bio1B_len_at_age_matrix_20.png","Distribution of length at age for seas: 3 sub_seas: 1 morph: 4",NA,"Bio",2025-03-30 11:14:59.825905,"StartTime: Sat Mar 29 20:41:11 2025"
"bio1B_len_at_age_matrix_21.png","Distribution of length at age for seas: 3 sub_seas: 2 morph: 1",NA,"Bio",2025-03-30 11:14:59.825905,"StartTime: Sat Mar 29 20:41:11 2025"
"bio1B_len_at_age_matrix_22.png","Distribution of length at age for seas: 3 sub_seas: 2 morph: 2",NA,"Bio",2025-03-30 11:14:59.825905,"StartTime: Sat Mar 29 20:41:11 2025"
"bio1B_len_at_age_matrix_23.png","Distribution of length at age for seas: 3 sub_seas: 2 morph: 3",NA,"Bio",2025-03-30 11:14:59.825905,"StartTime: Sat Mar 29 20:41:11 2025"
"bio1B_len_at_age_matrix_24.png","Distribution of length at age for seas: 3 sub_seas: 2 morph: 4",NA,"Bio",2025-03-30 11:14:59.825905,"StartTime: Sat Mar 29 20:41:11 2025"
"bio1B_len_at_age_matrix_25.png","Distribution of length at age for seas: 4 sub_seas: 1 morph: 1",NA,"Bio",2025-03-30 11:14:59.825905,"StartTime: Sat Mar 29 20:41:11 2025"
"bio1B_len_at_age_matrix_26.png","Distribution of length at age for seas: 4 sub_seas: 1 morph: 2",NA,"Bio",2025-03-30 11:14:59.825905,"StartTime: Sat Mar 29 20:41:11 2025"
"bio1B_len_at_age_matrix_27.png","Distribution of length at age for seas: 4 sub_seas: 1 morph: 3",NA,"Bio",2025-03-30 11:14:59.825905,"StartTime: Sat Mar 29 20:41:11 2025"
"bio1B_len_at_age_matrix_28.png","Distribution of length at age for seas: 4 sub_seas: 1 morph: 4",NA,"Bio",2025-03-30 11:14:59.825905,"StartTime: Sat Mar 29 20:41:11 2025"
"bio1B_len_at_age_matrix_29.png","Distribution of length at age for seas: 4 sub_seas: 2 morph: 1",NA,"Bio",2025-03-30 11:14:59.825905,"StartTime: Sat Mar 29 20:41:11 2025"
"bio1B_len_at_age_matrix_30.png","Distribution of length at age for seas: 4 sub_seas: 2 morph: 2",NA,"Bio",2025-03-30 11:14:59.825905,"StartTime: Sat Mar 29 20:41:11 2025"
"bio1B_len_at_age_matrix_31.png","Distribution of length at age for seas: 4 sub_seas: 2 morph: 3",NA,"Bio",2025-03-30 11:14:59.825905,"StartTime: Sat Mar 29 20:41:11 2025"
"bio1B_len_at_age_matrix_32.png","Distribution of length at age for seas: 4 sub_seas: 2 morph: 4",NA,"Bio",2025-03-30 11:14:59.825905,"StartTime: Sat Mar 29 20:41:11 2025"
"bio5_weightatsize.png","Weight-length relationship",NA,"Bio",2025-03-30 11:14:59.825905,"StartTime: Sat Mar 29 20:41:11 2025"
"bio6_maturity.png","Maturity at length",NA,"Bio",2025-03-30 11:14:59.825905,"StartTime: Sat Mar 29 20:41:11 2025"
"bio7_fecundity.png","Fecundity",NA,"Bio",2025-03-30 11:14:59.825905,"StartTime: Sat Mar 29 20:41:11 2025"
"bio8_fecundity_wt.png","Fecundity as a function of weight",NA,"Bio",2025-03-30 11:14:59.825905,"StartTime: Sat Mar 29 20:41:11 2025"
"bio9_fecundity_len.png","Fecundity as a function of length",NA,"Bio",2025-03-30 11:14:59.825905,"StartTime: Sat Mar 29 20:41:11 2025"
"bio10_spawningoutput_len.png","Spawning output at length. This is the product of maturity and fecundity unless maturity is age-based, in which case only fecundity is represented.",NA,"Bio",2025-03-30 11:14:59.825905,"StartTime: Sat Mar 29 20:41:11 2025"
"bio11_spawningoutput_age.png","Spawning output at age. This is the product of maturity and fecundity. When these processes are length-based they are converted into the age dimension using the matrix of length at age.",NA,"Bio",2025-03-30 11:14:59.825905,"StartTime: Sat Mar 29 20:41:11 2025"
"bio21_natmort.png","Natural mortality",NA,"Bio",2025-03-30 11:14:59.825905,"StartTime: Sat Mar 29 20:41:11 2025"
"sel01_multiple_fleets_length1.png","Selectivity at length for multiple fleets.",NA,"Sel",2025-03-30 11:14:59.825905,"StartTime: Sat Mar 29 20:41:11 2025"
"sel02_multiple_fleets_age1.png","Selectivity at age derived from selectivity at length for multiple fleets.",NA,"Sel",2025-03-30 11:14:59.825905,"StartTime: Sat Mar 29 20:41:11 2025"
"sel05_timevary_ret_surf_flt1sex1.png","Surface plot of Female time-varying retention for trawlers",NA,"Sel",2025-03-30 11:14:59.825905,"StartTime: Sat Mar 29 20:41:11 2025"
"sel06_timevary_ret_contour_flt1sex1.png","Countour plot of Female time-varying retention for trawlers",NA,"Sel",2025-03-30 11:14:59.825905,"StartTime: Sat Mar 29 20:41:11 2025"
"sel09_len_flt1sex1.png","Female ending year selectivity for trawlers",NA,"Sel",2025-03-30 11:14:59.825905,"StartTime: Sat Mar 29 20:41:11 2025"
"sel05_timevary_ret_surf_flt1sex2.png","Surface plot of Male time-varying retention for trawlers",NA,"Sel",2025-03-30 11:14:59.825905,"StartTime: Sat Mar 29 20:41:11 2025"
"sel06_timevary_ret_contour_flt1sex2.png","Countour plot of Male time-varying retention for trawlers",NA,"Sel",2025-03-30 11:14:59.825905,"StartTime: Sat Mar 29 20:41:11 2025"
"sel09_len_flt1sex2.png","Male ending year selectivity for trawlers",NA,"Sel",2025-03-30 11:14:59.825905,"StartTime: Sat Mar 29 20:41:11 2025"
"sel09_len_flt2sex1.png","Female ending year selectivity for volpal",NA,"Sel",2025-03-30 11:14:59.825905,"StartTime: Sat Mar 29 20:41:11 2025"
"sel09_len_flt2sex2.png","Male ending year selectivity for volpal",NA,"Sel",2025-03-30 11:14:59.825905,"StartTime: Sat Mar 29 20:41:11 2025"
"sel09_len_flt3sex1.png","Female ending year selectivity for artisanal",NA,"Sel",2025-03-30 11:14:59.825905,"StartTime: Sat Mar 29 20:41:11 2025"
"sel09_len_flt3sex2.png","Male ending year selectivity for artisanal",NA,"Sel",2025-03-30 11:14:59.825905,"StartTime: Sat Mar 29 20:41:11 2025"
"sel09_len_flt4sex1.png","Female ending year selectivity for cdTrw",NA,"Sel",2025-03-30 11:14:59.825905,"StartTime: Sat Mar 29 20:41:11 2025"
"sel09_len_flt4sex2.png","Male ending year selectivity for cdTrw",NA,"Sel",2025-03-30 11:14:59.825905,"StartTime: Sat Mar 29 20:41:11 2025"
"sel09_len_flt5sex1.png","Female ending year selectivity for SpSurv",NA,"Sel",2025-03-30 11:14:59.825905,"StartTime: Sat Mar 29 20:41:11 2025"
"sel09_len_flt5sex2.png","Male ending year selectivity for SpSurv",NA,"Sel",2025-03-30 11:14:59.825905,"StartTime: Sat Mar 29 20:41:11 2025"
"sel09_len_flt6sex1.png","Female ending year selectivity for PtSurv",NA,"Sel",2025-03-30 11:14:59.825905,"StartTime: Sat Mar 29 20:41:11 2025"
"sel09_len_flt6sex2.png","Male ending year selectivity for PtSurv",NA,"Sel",2025-03-30 11:14:59.825905,"StartTime: Sat Mar 29 20:41:11 2025"
"sel09_len_flt7sex1.png","Female ending year selectivity for CdSurv",NA,"Sel",2025-03-30 11:14:59.825905,"StartTime: Sat Mar 29 20:41:11 2025"
"sel09_len_flt7sex2.png","Male ending year selectivity for CdSurv",NA,"Sel",2025-03-30 11:14:59.825905,"StartTime: Sat Mar 29 20:41:11 2025"
"sel09_len_flt8sex1.png","Female ending year selectivity for SpCPUE_trawlers",NA,"Sel",2025-03-30 11:14:59.825905,"StartTime: Sat Mar 29 20:41:11 2025"
"sel09_len_flt8sex2.png","Male ending year selectivity for SpCPUE_trawlers",NA,"Sel",2025-03-30 11:14:59.825905,"StartTime: Sat Mar 29 20:41:11 2025"
"sel09_len_flt9sex1.png","Female ending year selectivity for SpCPUE_volpal",NA,"Sel",2025-03-30 11:14:59.825905,"StartTime: Sat Mar 29 20:41:11 2025"
"sel09_len_flt9sex2.png","Male ending year selectivity for SpCPUE_volpal",NA,"Sel",2025-03-30 11:14:59.825905,"StartTime: Sat Mar 29 20:41:11 2025"
"sel21_agelen_contour_flt1sex1.png","Female ending year selectivity and growth for trawlers",NA,"Sel",2025-03-30 11:14:59.825905,"StartTime: Sat Mar 29 20:41:11 2025"
"sel21_agelen_contour_flt1sex2.png","Male ending year selectivity and growth for trawlers",NA,"Sel",2025-03-30 11:14:59.825905,"StartTime: Sat Mar 29 20:41:11 2025"
"sel21_agelen_contour_flt2sex1.png","Female ending year selectivity and growth for volpal",NA,"Sel",2025-03-30 11:14:59.825905,"StartTime: Sat Mar 29 20:41:11 2025"
"sel21_agelen_contour_flt2sex2.png","Male ending year selectivity and growth for volpal",NA,"Sel",2025-03-30 11:14:59.825905,"StartTime: Sat Mar 29 20:41:11 2025"
"sel21_agelen_contour_flt3sex1.png","Female ending year selectivity and growth for artisanal",NA,"Sel",2025-03-30 11:14:59.825905,"StartTime: Sat Mar 29 20:41:11 2025"
"sel21_agelen_contour_flt3sex2.png","Male ending year selectivity and growth for artisanal",NA,"Sel",2025-03-30 11:14:59.825905,"StartTime: Sat Mar 29 20:41:11 2025"
"sel21_agelen_contour_flt4sex1.png","Female ending year selectivity and growth for cdTrw",NA,"Sel",2025-03-30 11:14:59.825905,"StartTime: Sat Mar 29 20:41:11 2025"
"sel21_agelen_contour_flt4sex2.png","Male ending year selectivity and growth for cdTrw",NA,"Sel",2025-03-30 11:14:59.825905,"StartTime: Sat Mar 29 20:41:11 2025"
"sel21_agelen_contour_flt5sex1.png","Female ending year selectivity and growth for SpSurv",NA,"Sel",2025-03-30 11:14:59.825905,"StartTime: Sat Mar 29 20:41:11 2025"
"sel21_agelen_contour_flt5sex2.png","Male ending year selectivity and growth for SpSurv",NA,"Sel",2025-03-30 11:14:59.825905,"StartTime: Sat Mar 29 20:41:11 2025"
"sel21_agelen_contour_flt6sex1.png","Female ending year selectivity and growth for PtSurv",NA,"Sel",2025-03-30 11:14:59.825905,"StartTime: Sat Mar 29 20:41:11 2025"
"sel21_agelen_contour_flt6sex2.png","Male ending year selectivity and growth for PtSurv",NA,"Sel",2025-03-30 11:14:59.825905,"StartTime: Sat Mar 29 20:41:11 2025"
"sel21_agelen_contour_flt7sex1.png","Female ending year selectivity and growth for CdSurv",NA,"Sel",2025-03-30 11:14:59.825905,"StartTime: Sat Mar 29 20:41:11 2025"
"sel21_agelen_contour_flt7sex2.png","Male ending year selectivity and growth for CdSurv",NA,"Sel",2025-03-30 11:14:59.825905,"StartTime: Sat Mar 29 20:41:11 2025"
"sel21_agelen_contour_flt8sex1.png","Female ending year selectivity and growth for SpCPUE_trawlers",NA,"Sel",2025-03-30 11:14:59.825905,"StartTime: Sat Mar 29 20:41:11 2025"
"sel21_agelen_contour_flt8sex2.png","Male ending year selectivity and growth for SpCPUE_trawlers",NA,"Sel",2025-03-30 11:14:59.825905,"StartTime: Sat Mar 29 20:41:11 2025"
"sel21_agelen_contour_flt9sex1.png","Female ending year selectivity and growth for SpCPUE_volpal",NA,"Sel",2025-03-30 11:14:59.825905,"StartTime: Sat Mar 29 20:41:11 2025"
"sel21_agelen_contour_flt9sex2.png","Male ending year selectivity and growth for SpCPUE_volpal",NA,"Sel",2025-03-30 11:14:59.825905,"StartTime: Sat Mar 29 20:41:11 2025"
"ts7_Spawning_biomass_(mt).png","Spawning biomass (mt)",NA,"Timeseries",2025-03-30 11:14:59.825905,"StartTime: Sat Mar 29 20:41:11 2025"
"ts7_Spawning_biomass_(mt)_with_95_asymptotic_intervals_intervals.png","Spawning biomass (mt) with ~95% asymptotic intervals",NA,"Timeseries",2025-03-30 11:14:59.825905,"StartTime: Sat Mar 29 20:41:11 2025"
"ts9_Relative_spawning_biomass.png","Relative spawning biomass: B/B_MSY",NA,"Timeseries",2025-03-30 11:14:59.825905,"StartTime: Sat Mar 29 20:41:11 2025"
"ts9_Relative_spawning_biomass_intervals.png","Relative spawning biomass: B/B_MSY with ~95% asymptotic intervals",NA,"Timeseries",2025-03-30 11:14:59.825905,"StartTime: Sat Mar 29 20:41:11 2025"
"ts1_Total_biomass_(mt).png","Total biomass (mt)",NA,"Timeseries",2025-03-30 11:14:59.825905,"StartTime: Sat Mar 29 20:41:11 2025"
"ts3_Total_biomass_(mt)_at_beginning_of_season_1.png","Total biomass (mt) at beginning of season 1",NA,"Timeseries",2025-03-30 11:14:59.825905,"StartTime: Sat Mar 29 20:41:11 2025"
"ts4_Summary_biomass_(mt).png","Summary biomass (mt)",NA,"Timeseries",2025-03-30 11:14:59.825905,"StartTime: Sat Mar 29 20:41:11 2025"
"ts6_Summary_biomass_(mt)_at_beginning_of_season_1.png","Summary biomass (mt) at beginning of season 1",NA,"Timeseries",2025-03-30 11:14:59.825905,"StartTime: Sat Mar 29 20:41:11 2025"
"ts11_Age-0_recruits_(1000s).png","Age-0 recruits (1,000s)",NA,"Timeseries",2025-03-30 11:14:59.825905,"StartTime: Sat Mar 29 20:41:11 2025"
"ts11_Age-0_recruits_(1000s)_with_95_asymptotic_intervals.png","Age-0 recruits (1,000s) with ~95% asymptotic intervals",NA,"Timeseries",2025-03-30 11:14:59.825905,"StartTime: Sat Mar 29 20:41:11 2025"
"ts14_Age-0_recruits_(1000s)_by_birth_season.png","Age-0 recruits (1,000s) by birth season",NA,"Timeseries",2025-03-30 11:14:59.825905,"StartTime: Sat Mar 29 20:41:11 2025"
"ts15_Fraction_of_total_Age-0_recruits_by_birth_season.png","Fraction of total Age-0 recruits by birth season",NA,"Timeseries",2025-03-30 11:14:59.825905,"StartTime: Sat Mar 29 20:41:11 2025"
"ts_summaryF.png","Summary F (definition of F depends on setting in starter.ss)",NA,"Timeseries",2025-03-30 11:14:59.825905,"StartTime: Sat Mar 29 20:41:11 2025"
"ts_DynamicB0.png","Dynamic B0 plot. The lower line shows the time series of estimated Spawning biomass (mt) in the presence of fishing mortality. The upper line shows the time series that could occur under the same dynamics (including deviations in recruitment), but without fishing. The point at the left represents the unfished equilibrium.",NA,"Timeseries",2025-03-30 11:14:59.825905,"StartTime: Sat Mar 29 20:41:11 2025"
"recdevs1_points.png","Recruitment deviations",NA,"RecDev",2025-03-30 11:14:59.825905,"StartTime: Sat Mar 29 20:41:11 2025"
"recdevs2_withbars.png","Recruitment deviations with 95% intervals",NA,"RecDev",2025-03-30 11:14:59.825905,"StartTime: Sat Mar 29 20:41:11 2025"
"recdevs3_varcheck.png","Recruitment deviations variance check.<br> See later figure of transformed variance values for comparison with bias adjustment settings in the model.",NA,"RecDev",2025-03-30 11:14:59.825905,"StartTime: Sat Mar 29 20:41:11 2025"
"recruit_fit_bias_adjust.png","Points are transformed variances. Red line shows current settings for bias adjustment specified in control file. Blue line shows least squares estimate of alternative bias adjustment relationship for recruitment deviations (which may or may not be an improvement. For more information, see<br> 
<blockquote>Methot, R.D. and Taylor, I.G., 2011. Adjusting for bias due to variability of estimated recruitments in fishery assessment models. <i>Can. J. Fish. Aquat. Sci.</i>, 68:1744-1760.</blockquote><br> 
Estimated alternative inputs to SS control file associated with blue line in figure: 
<pre>1988.6   #_last_early_yr_nobias_adj_in_MPD 
2000.1   #_first_yr_fullbias_adj_in_MPD 
2021.7   #_last_yr_fullbias_adj_in_MPD 
2028.1   #_first_recent_yr_nobias_adj_in_MPD 
0.9626  #_max_bias_adj_in_MPD (1.0 to mimic pre-2009 models) </pre>",NA,"RecDev",2025-03-30 11:14:59.825905,"StartTime: Sat Mar 29 20:41:11 2025"
"SR_curve.png","Stock-recruit curve.  Point colors indicate year, with warmer colors indicating earlier years and cooler colors in showing later years.",NA,"S-R",2025-03-30 11:14:59.825905,"StartTime: Sat Mar 29 20:41:11 2025"
"SR_curve2.png","Stock-recruit curve with labels on first, last, and years with (log) deviations > 0.5. Point colors indicate year, with warmer colors indicating earlier years and cooler colors in showing later years.",NA,"S-R",2025-03-30 11:14:59.825905,"StartTime: Sat Mar 29 20:41:11 2025"
"SR_resids.png","Deviations around the stock-recruit curve. Labels are on first, last, and years with (log) deviations > 0.5. Point colors indicate year, with warmer colors indicating earlier years and cooler colors in showing later years.",NA,"S-R",2025-03-30 11:14:59.825905,"StartTime: Sat Mar 29 20:41:11 2025"
"catch1 landings.png","landings",NA,"Catch",2025-03-30 11:14:59.825905,"StartTime: Sat Mar 29 20:41:11 2025"
"catch2 landings stacked.png","landings stacked",NA,"Catch",2025-03-30 11:14:59.825905,"StartTime: Sat Mar 29 20:41:11 2025"
"catch3 observed and expected landings (if different).png","observed and expected landings (if different)",NA,"Catch",2025-03-30 11:14:59.825905,"StartTime: Sat Mar 29 20:41:11 2025"
"catch4 total catch (including discards).png","total catch (including discards)",NA,"Catch",2025-03-30 11:14:59.825905,"StartTime: Sat Mar 29 20:41:11 2025"
"catch5 total catch (including discards) stacked.png","total catch (including discards) stacked",NA,"Catch",2025-03-30 11:14:59.825905,"StartTime: Sat Mar 29 20:41:11 2025"
"catch6 discards.png","discards",NA,"Catch",2025-03-30 11:14:59.825905,"StartTime: Sat Mar 29 20:41:11 2025"
"catch7 discards stacked plot (depends on multiple fleets).png","discards stacked plot (depends on multiple fleets)",NA,"Catch",2025-03-30 11:14:59.825905,"StartTime: Sat Mar 29 20:41:11 2025"
"catch8 discard fraction.png","discard fraction",NA,"Catch",2025-03-30 11:14:59.825905,"StartTime: Sat Mar 29 20:41:11 2025"
"catch9 harvest rate.png","harvest rate",NA,"Catch",2025-03-30 11:14:59.825905,"StartTime: Sat Mar 29 20:41:11 2025"
"catch10 landings aggregated across seasons.png"," landings aggregated across seasons",NA,"Catch",2025-03-30 11:14:59.825905,"StartTime: Sat Mar 29 20:41:11 2025"
"catch11 landings aggregated across seasons stacked.png"," landings aggregated across seasons stacked",NA,"Catch",2025-03-30 11:14:59.825905,"StartTime: Sat Mar 29 20:41:11 2025"
"catch12 total catch (if discards present) aggregated across seasons.png"," total catch (if discards present) aggregated across seasons",NA,"Catch",2025-03-30 11:14:59.825905,"StartTime: Sat Mar 29 20:41:11 2025"
"catch13 total catch (if discards present) aggregated across seasons stacked.png"," total catch (if discards present) aggregated across seasons stacked",NA,"Catch",2025-03-30 11:14:59.825905,"StartTime: Sat Mar 29 20:41:11 2025"
"catch14 discards aggregated across seasons.png"," discards aggregated across seasons",NA,"Catch",2025-03-30 11:14:59.825905,"StartTime: Sat Mar 29 20:41:11 2025"
"catch15 discards aggregated across seasons stacked.png"," discards aggregated across seasons stacked",NA,"Catch",2025-03-30 11:14:59.825905,"StartTime: Sat Mar 29 20:41:11 2025"
"catch16 landings + dead discards.png"," landings + dead discards",NA,"Catch",2025-03-30 11:14:59.825905,"StartTime: Sat Mar 29 20:41:11 2025"
"SPR1_series.png","Timeseries of SPR. Horizontal line is at SPR at MSY: 0.261",NA,"SPR",2025-03-30 11:14:59.825905,"StartTime: Sat Mar 29 20:41:11 2025"
"SPR3_ratiointerval.png","Timeseries of SPR ratio: (1-SPR)/(1-SPR_MSY)",NA,"SPR",2025-03-30 11:14:59.825905,"StartTime: Sat Mar 29 20:41:11 2025"
"SPR4_phase.png","Phase plot of biomass ratio vs. SPR ratio.<br> Each point represents the biomass ratio at the start of the year and the relative fishing intensity in that same year. Warmer colors (red) represent early years and colder colors (blue) represent recent years. Lines through the final point show 95% intervals based on the asymptotic uncertainty for each dimension. The shaded ellipse is a 95% region which accounts for the estimated correlation between the two quantities: -0.848. ",NA,"SPR",2025-03-30 11:14:59.825905,"StartTime: Sat Mar 29 20:41:11 2025"
"discard_datatrawlers.png","Total discard for trawlers",NA,"Discard",2025-03-30 11:14:59.825905,"StartTime: Sat Mar 29 20:41:11 2025"
"discard_fittrawlers.png","Total discard for trawlers",NA,"Discard",2025-03-30 11:14:59.825905,"StartTime: Sat Mar 29 20:41:11 2025"
"index1_cpuedata_SpSurv.png","Index data for SpSurv. Lines indicate 95% uncertainty interval around index values based on the model assumption of T-distributed error with 4 degrees of freedom. Thicker lines (if present) indicate input uncertainty before addition of estimated additional uncertainty parameter.",NA,"Index",2025-03-30 11:14:59.825905,"StartTime: Sat Mar 29 20:41:11 2025"
"index2_cpuefit_SpSurv.png","Fit to index data for SpSurv. Lines indicate 95% uncertainty interval around index values based on the model assumption of T-distributed error with 4 degrees of freedom. Thicker lines (if present) indicate input uncertainty before addition of estimated additional uncertainty parameter.",NA,"Index",2025-03-30 11:14:59.825905,"StartTime: Sat Mar 29 20:41:11 2025"
"index3_obs_vs_exp_SpSurv.png","Observed vs. expected index values with smoother for SpSurv",NA,"Index",2025-03-30 11:14:59.825905,"StartTime: Sat Mar 29 20:41:11 2025"
"index4_logcpuedata_SpSurv.png","Log index data for SpSurv. Lines indicate 95% uncertainty interval around index values based on the model assumption of T-distributed error with 4 degrees of freedom. Thicker lines (if present) indicate input uncertainty before addition of estimated additional uncertainty parameter.",NA,"Index",2025-03-30 11:14:59.825905,"StartTime: Sat Mar 29 20:41:11 2025"
"index5_logcpuefit_SpSurv.png","Fit to log index data on log scale for SpSurv. Lines indicate 95% uncertainty interval around index values based on the model assumption of T-distributed error with 4 degrees of freedom. Thicker lines (if present) indicate input uncertainty before addition of estimated additional uncertainty parameter.",NA,"Index",2025-03-30 11:14:59.825905,"StartTime: Sat Mar 29 20:41:11 2025"
"index6_log_obs_vs_exp_SpSurv.png","log(observed) vs. log(expected) index values with smoother for SpSurv",NA,"Index",2025-03-30 11:14:59.825905,"StartTime: Sat Mar 29 20:41:11 2025"
"index10_resids_SE_total_SpSurv.png","Residuals of fit to index for SpSurv.<br>Values are based on the total standard error including any estimated additional uncertainty.",NA,"Index",2025-03-30 11:14:59.825905,"StartTime: Sat Mar 29 20:41:11 2025"
"index12_resids_SE_total_SpSurv.png","Deviations for fit to index for SpSurv.<br>Values are log(Obs) - log(Exp) and thus independent of index uncertainty.",NA,"Index",2025-03-30 11:14:59.825905,"StartTime: Sat Mar 29 20:41:11 2025"
"index1_cpuedata_PtSurv.png","Index data for PtSurv. Lines indicate 95% uncertainty interval around index values based on the model assumption of T-distributed error with 4 degrees of freedom. Thicker lines (if present) indicate input uncertainty before addition of estimated additional uncertainty parameter.",NA,"Index",2025-03-30 11:14:59.825905,"StartTime: Sat Mar 29 20:41:11 2025"
"index2_cpuefit_PtSurv.png","Fit to index data for PtSurv. Lines indicate 95% uncertainty interval around index values based on the model assumption of T-distributed error with 4 degrees of freedom. Thicker lines (if present) indicate input uncertainty before addition of estimated additional uncertainty parameter.",NA,"Index",2025-03-30 11:14:59.825905,"StartTime: Sat Mar 29 20:41:11 2025"
"index3_obs_vs_exp_PtSurv.png","Observed vs. expected index values with smoother for PtSurv",NA,"Index",2025-03-30 11:14:59.825905,"StartTime: Sat Mar 29 20:41:11 2025"
"index4_logcpuedata_PtSurv.png","Log index data for PtSurv. Lines indicate 95% uncertainty interval around index values based on the model assumption of T-distributed error with 4 degrees of freedom. Thicker lines (if present) indicate input uncertainty before addition of estimated additional uncertainty parameter.",NA,"Index",2025-03-30 11:14:59.825905,"StartTime: Sat Mar 29 20:41:11 2025"
"index5_logcpuefit_PtSurv.png","Fit to log index data on log scale for PtSurv. Lines indicate 95% uncertainty interval around index values based on the model assumption of T-distributed error with 4 degrees of freedom. Thicker lines (if present) indicate input uncertainty before addition of estimated additional uncertainty parameter.",NA,"Index",2025-03-30 11:14:59.825905,"StartTime: Sat Mar 29 20:41:11 2025"
"index6_log_obs_vs_exp_PtSurv.png","log(observed) vs. log(expected) index values with smoother for PtSurv",NA,"Index",2025-03-30 11:14:59.825905,"StartTime: Sat Mar 29 20:41:11 2025"
"index10_resids_SE_total_PtSurv.png","Residuals of fit to index for PtSurv.<br>Values are based on the total standard error including any estimated additional uncertainty.",NA,"Index",2025-03-30 11:14:59.825905,"StartTime: Sat Mar 29 20:41:11 2025"
"index12_resids_SE_total_PtSurv.png","Deviations for fit to index for PtSurv.<br>Values are log(Obs) - log(Exp) and thus independent of index uncertainty.",NA,"Index",2025-03-30 11:14:59.825905,"StartTime: Sat Mar 29 20:41:11 2025"
"index1_cpuedata_CdSurv.png","Index data for CdSurv. Lines indicate 95% uncertainty interval around index values based on the model assumption of T-distributed error with 4 degrees of freedom. Thicker lines (if present) indicate input uncertainty before addition of estimated additional uncertainty parameter.",NA,"Index",2025-03-30 11:14:59.825905,"StartTime: Sat Mar 29 20:41:11 2025"
"index2_cpuefit_CdSurv.png","Fit to index data for CdSurv. Lines indicate 95% uncertainty interval around index values based on the model assumption of T-distributed error with 4 degrees of freedom. Thicker lines (if present) indicate input uncertainty before addition of estimated additional uncertainty parameter.",NA,"Index",2025-03-30 11:14:59.825905,"StartTime: Sat Mar 29 20:41:11 2025"
"index3_obs_vs_exp_CdSurv.png","Observed vs. expected index values with smoother for CdSurv",NA,"Index",2025-03-30 11:14:59.825905,"StartTime: Sat Mar 29 20:41:11 2025"
"index4_logcpuedata_CdSurv.png","Log index data for CdSurv. Lines indicate 95% uncertainty interval around index values based on the model assumption of T-distributed error with 4 degrees of freedom. Thicker lines (if present) indicate input uncertainty before addition of estimated additional uncertainty parameter.",NA,"Index",2025-03-30 11:14:59.825905,"StartTime: Sat Mar 29 20:41:11 2025"
"index5_logcpuefit_CdSurv.png","Fit to log index data on log scale for CdSurv. Lines indicate 95% uncertainty interval around index values based on the model assumption of T-distributed error with 4 degrees of freedom. Thicker lines (if present) indicate input uncertainty before addition of estimated additional uncertainty parameter.",NA,"Index",2025-03-30 11:14:59.825905,"StartTime: Sat Mar 29 20:41:11 2025"
"index6_log_obs_vs_exp_CdSurv.png","log(observed) vs. log(expected) index values with smoother for CdSurv",NA,"Index",2025-03-30 11:14:59.825905,"StartTime: Sat Mar 29 20:41:11 2025"
"index10_resids_SE_total_CdSurv.png","Residuals of fit to index for CdSurv.<br>Values are based on the total standard error including any estimated additional uncertainty.",NA,"Index",2025-03-30 11:14:59.825905,"StartTime: Sat Mar 29 20:41:11 2025"
"index12_resids_SE_total_CdSurv.png","Deviations for fit to index for CdSurv.<br>Values are log(Obs) - log(Exp) and thus independent of index uncertainty.",NA,"Index",2025-03-30 11:14:59.825905,"StartTime: Sat Mar 29 20:41:11 2025"
"index1_cpuedata_SpCPUE_trawlers.png","Index data for SpCPUE_trawlers. Lines indicate 95% uncertainty interval around index values based on the model assumption of T-distributed error with 4 degrees of freedom. Thicker lines (if present) indicate input uncertainty before addition of estimated additional uncertainty parameter.",NA,"Index",2025-03-30 11:14:59.825905,"StartTime: Sat Mar 29 20:41:11 2025"
"index2_cpuefit_SpCPUE_trawlers.png","Fit to index data for SpCPUE_trawlers. Lines indicate 95% uncertainty interval around index values based on the model assumption of T-distributed error with 4 degrees of freedom. Thicker lines (if present) indicate input uncertainty before addition of estimated additional uncertainty parameter.",NA,"Index",2025-03-30 11:14:59.825905,"StartTime: Sat Mar 29 20:41:11 2025"
"index3_obs_vs_exp_SpCPUE_trawlers.png","Observed vs. expected index values with smoother for SpCPUE_trawlers",NA,"Index",2025-03-30 11:14:59.825905,"StartTime: Sat Mar 29 20:41:11 2025"
"index4_logcpuedata_SpCPUE_trawlers.png","Log index data for SpCPUE_trawlers. Lines indicate 95% uncertainty interval around index values based on the model assumption of T-distributed error with 4 degrees of freedom. Thicker lines (if present) indicate input uncertainty before addition of estimated additional uncertainty parameter.",NA,"Index",2025-03-30 11:14:59.825905,"StartTime: Sat Mar 29 20:41:11 2025"
"index5_logcpuefit_SpCPUE_trawlers.png","Fit to log index data on log scale for SpCPUE_trawlers. Lines indicate 95% uncertainty interval around index values based on the model assumption of T-distributed error with 4 degrees of freedom. Thicker lines (if present) indicate input uncertainty before addition of estimated additional uncertainty parameter.",NA,"Index",2025-03-30 11:14:59.825905,"StartTime: Sat Mar 29 20:41:11 2025"
"index6_log_obs_vs_exp_SpCPUE_trawlers.png","log(observed) vs. log(expected) index values with smoother for SpCPUE_trawlers",NA,"Index",2025-03-30 11:14:59.825905,"StartTime: Sat Mar 29 20:41:11 2025"
"index10_resids_SE_total_SpCPUE_trawlers.png","Residuals of fit to index for SpCPUE_trawlers.<br>Values are based on the total standard error including any estimated additional uncertainty.",NA,"Index",2025-03-30 11:14:59.825905,"StartTime: Sat Mar 29 20:41:11 2025"
"index12_resids_SE_total_SpCPUE_trawlers.png","Deviations for fit to index for SpCPUE_trawlers.<br>Values are log(Obs) - log(Exp) and thus independent of index uncertainty.",NA,"Index",2025-03-30 11:14:59.825905,"StartTime: Sat Mar 29 20:41:11 2025"
"index1_cpuedata_SpCPUE_volpal.png","Index data for SpCPUE_volpal. Lines indicate 95% uncertainty interval around index values based on the model assumption of T-distributed error with 4 degrees of freedom. Thicker lines (if present) indicate input uncertainty before addition of estimated additional uncertainty parameter.",NA,"Index",2025-03-30 11:14:59.825905,"StartTime: Sat Mar 29 20:41:11 2025"
"index2_cpuefit_SpCPUE_volpal.png","Fit to index data for SpCPUE_volpal. Lines indicate 95% uncertainty interval around index values based on the model assumption of T-distributed error with 4 degrees of freedom. Thicker lines (if present) indicate input uncertainty before addition of estimated additional uncertainty parameter.",NA,"Index",2025-03-30 11:14:59.825905,"StartTime: Sat Mar 29 20:41:11 2025"
"index3_obs_vs_exp_SpCPUE_volpal.png","Observed vs. expected index values with smoother for SpCPUE_volpal",NA,"Index",2025-03-30 11:14:59.825905,"StartTime: Sat Mar 29 20:41:11 2025"
"index4_logcpuedata_SpCPUE_volpal.png","Log index data for SpCPUE_volpal. Lines indicate 95% uncertainty interval around index values based on the model assumption of T-distributed error with 4 degrees of freedom. Thicker lines (if present) indicate input uncertainty before addition of estimated additional uncertainty parameter.",NA,"Index",2025-03-30 11:14:59.825905,"StartTime: Sat Mar 29 20:41:11 2025"
"index5_logcpuefit_SpCPUE_volpal.png","Fit to log index data on log scale for SpCPUE_volpal. Lines indicate 95% uncertainty interval around index values based on the model assumption of T-distributed error with 4 degrees of freedom. Thicker lines (if present) indicate input uncertainty before addition of estimated additional uncertainty parameter.",NA,"Index",2025-03-30 11:14:59.825905,"StartTime: Sat Mar 29 20:41:11 2025"
"index6_log_obs_vs_exp_SpCPUE_volpal.png","log(observed) vs. log(expected) index values with smoother for SpCPUE_volpal",NA,"Index",2025-03-30 11:14:59.825905,"StartTime: Sat Mar 29 20:41:11 2025"
"index10_resids_SE_total_SpCPUE_volpal.png","Residuals of fit to index for SpCPUE_volpal.<br>Values are based on the total standard error including any estimated additional uncertainty.",NA,"Index",2025-03-30 11:14:59.825905,"StartTime: Sat Mar 29 20:41:11 2025"
"index12_resids_SE_total_SpCPUE_volpal.png","Deviations for fit to index for SpCPUE_volpal.<br>Values are log(Obs) - log(Exp) and thus independent of index uncertainty.",NA,"Index",2025-03-30 11:14:59.825905,"StartTime: Sat Mar 29 20:41:11 2025"
"index9_standcpueall.png","Standardized indices overlaid. Each index is rescaled to have mean observation = 1.0.",NA,"Index",2025-03-30 11:14:59.825905,"StartTime: Sat Mar 29 20:41:11 2025"
"numbers1_sex1_beg.png","Beginning of season 1 expected numbers at age of females in (max ~ 54.1 million)",NA,"Numbers",2025-03-30 11:14:59.825905,"StartTime: Sat Mar 29 20:41:11 2025"
"numbers1_sex2_beg.png","Beginning of season 1 expected numbers at age of males in (max ~ 54.1 million)",NA,"Numbers",2025-03-30 11:14:59.825905,"StartTime: Sat Mar 29 20:41:11 2025"
"numbers2_meanage_beg.png","Beginning of season 1 mean age in the population",NA,"Numbers",2025-03-30 11:14:59.825905,"StartTime: Sat Mar 29 20:41:11 2025"
"numbers1_sex1_mid.png","Middle of season 1 expected numbers at age of females in (max ~ 46.9 million)",NA,"Numbers",2025-03-30 11:14:59.825905,"StartTime: Sat Mar 29 20:41:11 2025"
"numbers1_sex2_mid.png","Middle of season 1 expected numbers at age of males in (max ~ 46.9 million)",NA,"Numbers",2025-03-30 11:14:59.825905,"StartTime: Sat Mar 29 20:41:11 2025"
"numbers2_meanage_mid.png","Middle of season 1 mean age in the population",NA,"Numbers",2025-03-30 11:14:59.825905,"StartTime: Sat Mar 29 20:41:11 2025"
"numbers3_frac_female_age.png","Fraction female in numbers at age",NA,"Numbers",2025-03-30 11:14:59.825905,"StartTime: Sat Mar 29 20:41:11 2025"
"numbers6_len_sex1.png","Beginning of season 1 expected numbers at length of females in (max ~ 7.6 million)",NA,"Numbers",2025-03-30 11:14:59.825905,"StartTime: Sat Mar 29 20:41:11 2025"
"numbers6_len_sex2.png","Beginning of season 1 expected numbers at length of males in (max ~ 7.6 million)",NA,"Numbers",2025-03-30 11:14:59.825905,"StartTime: Sat Mar 29 20:41:11 2025"
"numbers7_meanlen.png","Beginning of season 1 mean length (cm) in the population",NA,"Numbers",2025-03-30 11:14:59.825905,"StartTime: Sat Mar 29 20:41:11 2025"
"numbers6_len_sex1.png","Middle of season 1 expected numbers at length of females in (max ~ 5.9 million)",NA,"Numbers",2025-03-30 11:14:59.825905,"StartTime: Sat Mar 29 20:41:11 2025"
"numbers6_len_sex2.png","Middle of season 1 expected numbers at length of males in (max ~ 5.9 million)",NA,"Numbers",2025-03-30 11:14:59.825905,"StartTime: Sat Mar 29 20:41:11 2025"
"numbers7_meanlen.png","Middle of season 1 mean length (cm) in the population",NA,"Numbers",2025-03-30 11:14:59.825905,"StartTime: Sat Mar 29 20:41:11 2025"
"numbers8_frac_female_len.png","Fraction female in numbers at length",NA,"Numbers",2025-03-30 11:14:59.825905,"StartTime: Sat Mar 29 20:41:11 2025"
"numbers4_equilagecomp.png","Equilibrium age distribution",NA,"Numbers",2025-03-30 11:14:59.825905,"StartTime: Sat Mar 29 20:41:11 2025"
"comp_lendat__aggregated_across_time.png","Length comp data, aggregated across time by fleet.
 <br> Labels 'retained' and 'discard' indicate discarded or retained sampled for each fleet. Panels without this designation represent the whole catch.
",NA,"CompDat",2025-03-30 11:14:59.825905,"StartTime: Sat Mar 29 20:41:11 2025"
"comp_lendat__page1_multi-fleet_comparison.png","Length comp data,  comparing across fleets (plot 1 of 2)",NA,"CompDat",2025-03-30 11:14:59.825905,"StartTime: Sat Mar 29 20:41:11 2025"
"comp_lendat__page2_multi-fleet_comparison.png","Length comp data,  comparing across fleets (plot 2 of 2)",NA,"CompDat",2025-03-30 11:14:59.825905,"StartTime: Sat Mar 29 20:41:11 2025"
"comp_lendat_flt1mkt2_page1.png","Length comp data, retained, trawlers (plot 1 of 5).<br><br>'N adj.' is the input sample size after data-weighting adjustment. N eff. is the calculated effective sample size used in the McAllister-Ianelli tuning method.",NA,"CompDat",2025-03-30 11:14:59.825905,"StartTime: Sat Mar 29 20:41:11 2025"
"comp_lendat_flt1mkt2_page2.png","Length comp data, retained, trawlers (plot 1 of 5).<br><br>'N adj.' is the input sample size after data-weighting adjustment. N eff. is the calculated effective sample size used in the McAllister-Ianelli tuning method. (plot 2 of 5)",NA,"CompDat",2025-03-30 11:14:59.825905,"StartTime: Sat Mar 29 20:41:11 2025"
"comp_lendat_flt1mkt2_page3.png","Length comp data, retained, trawlers (plot 1 of 5).<br><br>'N adj.' is the input sample size after data-weighting adjustment. N eff. is the calculated effective sample size used in the McAllister-Ianelli tuning method. (plot 2 of 5) (plot 3 of 5)",NA,"CompDat",2025-03-30 11:14:59.825905,"StartTime: Sat Mar 29 20:41:11 2025"
"comp_lendat_flt1mkt2_page4.png","Length comp data, retained, trawlers (plot 1 of 5).<br><br>'N adj.' is the input sample size after data-weighting adjustment. N eff. is the calculated effective sample size used in the McAllister-Ianelli tuning method. (plot 2 of 5) (plot 3 of 5) (plot 4 of 5)",NA,"CompDat",2025-03-30 11:14:59.825905,"StartTime: Sat Mar 29 20:41:11 2025"
"comp_lendat_flt1mkt2_page5.png","Length comp data, retained, trawlers (plot 1 of 5).<br><br>'N adj.' is the input sample size after data-weighting adjustment. N eff. is the calculated effective sample size used in the McAllister-Ianelli tuning method. (plot 2 of 5) (plot 3 of 5) (plot 4 of 5) (plot 5 of 5)",NA,"CompDat",2025-03-30 11:14:59.825905,"StartTime: Sat Mar 29 20:41:11 2025"
"comp_lendat_bubflt1mkt2_page5.png","Length comp data, retained, trawlers (max=0.19) (plot 5 of 5)",NA,"CompDat",2025-03-30 11:14:59.825905,"StartTime: Sat Mar 29 20:41:11 2025"
"comp_lendat_data_weighting_TA1.8_trawlers.png","Mean length for trawlers with 95% confidence intervals based on current sample sizes.",NA,"CompDat",2025-03-30 11:14:59.825905,"StartTime: Sat Mar 29 20:41:11 2025"
"comp_lendat_flt1mkt1_page1.png","Length comp data, discard, trawlers (plot 1 of 5).<br><br>'N adj.' is the input sample size after data-weighting adjustment. N eff. is the calculated effective sample size used in the McAllister-Ianelli tuning method.",NA,"CompDat",2025-03-30 11:14:59.825905,"StartTime: Sat Mar 29 20:41:11 2025"
"comp_lendat_flt1mkt1_page2.png","Length comp data, discard, trawlers (plot 1 of 5).<br><br>'N adj.' is the input sample size after data-weighting adjustment. N eff. is the calculated effective sample size used in the McAllister-Ianelli tuning method. (plot 2 of 5)",NA,"CompDat",2025-03-30 11:14:59.825905,"StartTime: Sat Mar 29 20:41:11 2025"
"comp_lendat_flt1mkt1_page3.png","Length comp data, discard, trawlers (plot 1 of 5).<br><br>'N adj.' is the input sample size after data-weighting adjustment. N eff. is the calculated effective sample size used in the McAllister-Ianelli tuning method. (plot 2 of 5) (plot 3 of 5)",NA,"CompDat",2025-03-30 11:14:59.825905,"StartTime: Sat Mar 29 20:41:11 2025"
"comp_lendat_flt1mkt1_page4.png","Length comp data, discard, trawlers (plot 1 of 5).<br><br>'N adj.' is the input sample size after data-weighting adjustment. N eff. is the calculated effective sample size used in the McAllister-Ianelli tuning method. (plot 2 of 5) (plot 3 of 5) (plot 4 of 5)",NA,"CompDat",2025-03-30 11:14:59.825905,"StartTime: Sat Mar 29 20:41:11 2025"
"comp_lendat_flt1mkt1_page5.png","Length comp data, discard, trawlers (plot 1 of 5).<br><br>'N adj.' is the input sample size after data-weighting adjustment. N eff. is the calculated effective sample size used in the McAllister-Ianelli tuning method. (plot 2 of 5) (plot 3 of 5) (plot 4 of 5) (plot 5 of 5)",NA,"CompDat",2025-03-30 11:14:59.825905,"StartTime: Sat Mar 29 20:41:11 2025"
"comp_lendat_bubflt1mkt1_page5.png","Length comp data, discard, trawlers (max=0.3) (plot 5 of 5)",NA,"CompDat",2025-03-30 11:14:59.825905,"StartTime: Sat Mar 29 20:41:11 2025"
"comp_lendat_data_weighting_TA1.8_trawlers.png","Mean length for trawlers with 95% confidence intervals based on current sample sizes.",NA,"CompDat",2025-03-30 11:14:59.825905,"StartTime: Sat Mar 29 20:41:11 2025"
"comp_lendat_flt2mkt0_page1.png","Length comp data, whole catch, volpal (plot 1 of 5).<br><br>'N adj.' is the input sample size after data-weighting adjustment. N eff. is the calculated effective sample size used in the McAllister-Ianelli tuning method.",NA,"CompDat",2025-03-30 11:14:59.825905,"StartTime: Sat Mar 29 20:41:11 2025"
"comp_lendat_flt2mkt0_page2.png","Length comp data, whole catch, volpal (plot 1 of 5).<br><br>'N adj.' is the input sample size after data-weighting adjustment. N eff. is the calculated effective sample size used in the McAllister-Ianelli tuning method. (plot 2 of 5)",NA,"CompDat",2025-03-30 11:14:59.825905,"StartTime: Sat Mar 29 20:41:11 2025"
"comp_lendat_flt2mkt0_page3.png","Length comp data, whole catch, volpal (plot 1 of 5).<br><br>'N adj.' is the input sample size after data-weighting adjustment. N eff. is the calculated effective sample size used in the McAllister-Ianelli tuning method. (plot 2 of 5) (plot 3 of 5)",NA,"CompDat",2025-03-30 11:14:59.825905,"StartTime: Sat Mar 29 20:41:11 2025"
"comp_lendat_flt2mkt0_page4.png","Length comp data, whole catch, volpal (plot 1 of 5).<br><br>'N adj.' is the input sample size after data-weighting adjustment. N eff. is the calculated effective sample size used in the McAllister-Ianelli tuning method. (plot 2 of 5) (plot 3 of 5) (plot 4 of 5)",NA,"CompDat",2025-03-30 11:14:59.825905,"StartTime: Sat Mar 29 20:41:11 2025"
"comp_lendat_flt2mkt0_page5.png","Length comp data, whole catch, volpal (plot 1 of 5).<br><br>'N adj.' is the input sample size after data-weighting adjustment. N eff. is the calculated effective sample size used in the McAllister-Ianelli tuning method. (plot 2 of 5) (plot 3 of 5) (plot 4 of 5) (plot 5 of 5)",NA,"CompDat",2025-03-30 11:14:59.825905,"StartTime: Sat Mar 29 20:41:11 2025"
"comp_lendat_bubflt2mkt0_page5.png","Length comp data, whole catch, volpal (max=0.22) (plot 5 of 5)",NA,"CompDat",2025-03-30 11:14:59.825905,"StartTime: Sat Mar 29 20:41:11 2025"
"comp_lendat_data_weighting_TA1.8_volpal.png","Mean length for volpal with 95% confidence intervals based on current sample sizes.",NA,"CompDat",2025-03-30 11:14:59.825905,"StartTime: Sat Mar 29 20:41:11 2025"
"comp_lendat_flt3mkt0_page1.png","Length comp data, whole catch, artisanal (plot 1 of 5).<br><br>'N adj.' is the input sample size after data-weighting adjustment. N eff. is the calculated effective sample size used in the McAllister-Ianelli tuning method.",NA,"CompDat",2025-03-30 11:14:59.825905,"StartTime: Sat Mar 29 20:41:11 2025"
"comp_lendat_flt3mkt0_page2.png","Length comp data, whole catch, artisanal (plot 1 of 5).<br><br>'N adj.' is the input sample size after data-weighting adjustment. N eff. is the calculated effective sample size used in the McAllister-Ianelli tuning method. (plot 2 of 5)",NA,"CompDat",2025-03-30 11:14:59.825905,"StartTime: Sat Mar 29 20:41:11 2025"
"comp_lendat_flt3mkt0_page3.png","Length comp data, whole catch, artisanal (plot 1 of 5).<br><br>'N adj.' is the input sample size after data-weighting adjustment. N eff. is the calculated effective sample size used in the McAllister-Ianelli tuning method. (plot 2 of 5) (plot 3 of 5)",NA,"CompDat",2025-03-30 11:14:59.825905,"StartTime: Sat Mar 29 20:41:11 2025"
"comp_lendat_flt3mkt0_page4.png","Length comp data, whole catch, artisanal (plot 1 of 5).<br><br>'N adj.' is the input sample size after data-weighting adjustment. N eff. is the calculated effective sample size used in the McAllister-Ianelli tuning method. (plot 2 of 5) (plot 3 of 5) (plot 4 of 5)",NA,"CompDat",2025-03-30 11:14:59.825905,"StartTime: Sat Mar 29 20:41:11 2025"
"comp_lendat_flt3mkt0_page5.png","Length comp data, whole catch, artisanal (plot 1 of 5).<br><br>'N adj.' is the input sample size after data-weighting adjustment. N eff. is the calculated effective sample size used in the McAllister-Ianelli tuning method. (plot 2 of 5) (plot 3 of 5) (plot 4 of 5) (plot 5 of 5)",NA,"CompDat",2025-03-30 11:14:59.825905,"StartTime: Sat Mar 29 20:41:11 2025"
"comp_lendat_bubflt3mkt0_page5.png","Length comp data, whole catch, artisanal (max=0.37) (plot 5 of 5)",NA,"CompDat",2025-03-30 11:14:59.825905,"StartTime: Sat Mar 29 20:41:11 2025"
"comp_lendat_data_weighting_TA1.8_artisanal.png","Mean length for artisanal with 95% confidence intervals based on current sample sizes.",NA,"CompDat",2025-03-30 11:14:59.825905,"StartTime: Sat Mar 29 20:41:11 2025"
"comp_lendat_flt4mkt0_page1.png","Length comp data, whole catch, cdTrw (plot 1 of 5).<br><br>'N adj.' is the input sample size after data-weighting adjustment. N eff. is the calculated effective sample size used in the McAllister-Ianelli tuning method.",NA,"CompDat",2025-03-30 11:14:59.825905,"StartTime: Sat Mar 29 20:41:11 2025"
"comp_lendat_flt4mkt0_page2.png","Length comp data, whole catch, cdTrw (plot 1 of 5).<br><br>'N adj.' is the input sample size after data-weighting adjustment. N eff. is the calculated effective sample size used in the McAllister-Ianelli tuning method. (plot 2 of 5)",NA,"CompDat",2025-03-30 11:14:59.825905,"StartTime: Sat Mar 29 20:41:11 2025"
"comp_lendat_flt4mkt0_page3.png","Length comp data, whole catch, cdTrw (plot 1 of 5).<br><br>'N adj.' is the input sample size after data-weighting adjustment. N eff. is the calculated effective sample size used in the McAllister-Ianelli tuning method. (plot 2 of 5) (plot 3 of 5)",NA,"CompDat",2025-03-30 11:14:59.825905,"StartTime: Sat Mar 29 20:41:11 2025"
"comp_lendat_flt4mkt0_page4.png","Length comp data, whole catch, cdTrw (plot 1 of 5).<br><br>'N adj.' is the input sample size after data-weighting adjustment. N eff. is the calculated effective sample size used in the McAllister-Ianelli tuning method. (plot 2 of 5) (plot 3 of 5) (plot 4 of 5)",NA,"CompDat",2025-03-30 11:14:59.825905,"StartTime: Sat Mar 29 20:41:11 2025"
"comp_lendat_flt4mkt0_page5.png","Length comp data, whole catch, cdTrw (plot 1 of 5).<br><br>'N adj.' is the input sample size after data-weighting adjustment. N eff. is the calculated effective sample size used in the McAllister-Ianelli tuning method. (plot 2 of 5) (plot 3 of 5) (plot 4 of 5) (plot 5 of 5)",NA,"CompDat",2025-03-30 11:14:59.825905,"StartTime: Sat Mar 29 20:41:11 2025"
"comp_lendat_bubflt4mkt0_page5.png","Length comp data, whole catch, cdTrw (max=0.26) (plot 5 of 5)",NA,"CompDat",2025-03-30 11:14:59.825905,"StartTime: Sat Mar 29 20:41:11 2025"
"comp_lendat_data_weighting_TA1.8_cdTrw.png","Mean length for cdTrw with 95% confidence intervals based on current sample sizes.",NA,"CompDat",2025-03-30 11:14:59.825905,"StartTime: Sat Mar 29 20:41:11 2025"
"comp_lendat_flt5mkt0_page1.png","Length comp data, whole catch, SpSurv (plot 1 of 2).<br><br>'N adj.' is the input sample size after data-weighting adjustment. N eff. is the calculated effective sample size used in the McAllister-Ianelli tuning method.",NA,"CompDat",2025-03-30 11:14:59.825905,"StartTime: Sat Mar 29 20:41:11 2025"
"comp_lendat_flt5mkt0_page2.png","Length comp data, whole catch, SpSurv (plot 1 of 2).<br><br>'N adj.' is the input sample size after data-weighting adjustment. N eff. is the calculated effective sample size used in the McAllister-Ianelli tuning method. (plot 2 of 2)",NA,"CompDat",2025-03-30 11:14:59.825905,"StartTime: Sat Mar 29 20:41:11 2025"
"comp_lendat_bubflt5mkt0_page2.png","Length comp data, whole catch, SpSurv (max=0.38) (plot 2 of 2)",NA,"CompDat",2025-03-30 11:14:59.825905,"StartTime: Sat Mar 29 20:41:11 2025"
"comp_lendat_data_weighting_TA1.8_SpSurv.png","Mean length for SpSurv with 95% confidence intervals based on current sample sizes.",NA,"CompDat",2025-03-30 11:14:59.825905,"StartTime: Sat Mar 29 20:41:11 2025"
"comp_lendat_flt6mkt0_page1.png","Length comp data, whole catch, PtSurv (plot 1 of 2).<br><br>'N adj.' is the input sample size after data-weighting adjustment. N eff. is the calculated effective sample size used in the McAllister-Ianelli tuning method.",NA,"CompDat",2025-03-30 11:14:59.825905,"StartTime: Sat Mar 29 20:41:11 2025"
"comp_lendat_flt6mkt0_page2.png","Length comp data, whole catch, PtSurv (plot 1 of 2).<br><br>'N adj.' is the input sample size after data-weighting adjustment. N eff. is the calculated effective sample size used in the McAllister-Ianelli tuning method. (plot 2 of 2)",NA,"CompDat",2025-03-30 11:14:59.825905,"StartTime: Sat Mar 29 20:41:11 2025"
"comp_lendat_bubflt6mkt0_page2.png","Length comp data, whole catch, PtSurv (max=0.16) (plot 2 of 2)",NA,"CompDat",2025-03-30 11:14:59.825905,"StartTime: Sat Mar 29 20:41:11 2025"
"comp_lendat_data_weighting_TA1.8_PtSurv.png","Mean length for PtSurv with 95% confidence intervals based on current sample sizes.",NA,"CompDat",2025-03-30 11:14:59.825905,"StartTime: Sat Mar 29 20:41:11 2025"
"comp_lendat_flt7mkt0.png","Length comp data, whole catch, CdSurv.<br><br>'N adj.' is the input sample size after data-weighting adjustment. N eff. is the calculated effective sample size used in the McAllister-Ianelli tuning method.",NA,"CompDat",2025-03-30 11:14:59.825905,"StartTime: Sat Mar 29 20:41:11 2025"
"comp_lendat_bubflt7mkt0.png","Length comp data, whole catch, CdSurv (max=0.27)",NA,"CompDat",2025-03-30 11:14:59.825905,"StartTime: Sat Mar 29 20:41:11 2025"
"comp_lendat_data_weighting_TA1.8_CdSurv.png","Mean length for CdSurv with 95% confidence intervals based on current sample sizes.",NA,"CompDat",2025-03-30 11:14:59.825905,"StartTime: Sat Mar 29 20:41:11 2025"
"sexratio_data_len_flt5mkt0_page1.png","Sex ratios for length comps, whole catch, SpSurv (plot 1 of 2).<br>Observed sex ratios (points) with 75% intervals (vertical lines) calculated as a <a href='https://www.jstor.org/stable/2676784'>Jeffreys interval</a> based on the adjusted input sample size.",NA,"CompDat",2025-03-30 11:14:59.825905,"StartTime: Sat Mar 29 20:41:11 2025"
"sexratio_data_len_flt5mkt0_page2.png","Sex ratios for length comps, whole catch, SpSurv (plot 1 of 2).<br>Observed sex ratios (points) with 75% intervals (vertical lines) calculated as a <a href='https://www.jstor.org/stable/2676784'>Jeffreys interval</a> based on the adjusted input sample size. (plot 2 of 2)",NA,"CompDat",2025-03-30 11:14:59.825905,"StartTime: Sat Mar 29 20:41:11 2025"
"sexratio_data_len_flt6mkt0_page1.png","Sex ratios for length comps, whole catch, PtSurv (plot 1 of 2).<br>Observed sex ratios (points) with 75% intervals (vertical lines) calculated as a <a href='https://www.jstor.org/stable/2676784'>Jeffreys interval</a> based on the adjusted input sample size.",NA,"CompDat",2025-03-30 11:14:59.825905,"StartTime: Sat Mar 29 20:41:11 2025"
"sexratio_data_len_flt6mkt0_page2.png","Sex ratios for length comps, whole catch, PtSurv (plot 1 of 2).<br>Observed sex ratios (points) with 75% intervals (vertical lines) calculated as a <a href='https://www.jstor.org/stable/2676784'>Jeffreys interval</a> based on the adjusted input sample size. (plot 2 of 2)",NA,"CompDat",2025-03-30 11:14:59.825905,"StartTime: Sat Mar 29 20:41:11 2025"
"comp_sizedat__aggregated_across_time.png","Size comp data, aggregated across time by fleet.
 <br> Labels 'retained' and 'discard' indicate discarded or retained sampled for each fleet. Panels without this designation represent the whole catch.
",NA,"CompDat",2025-03-30 11:14:59.825905,"StartTime: Sat Mar 29 20:41:11 2025"
"comp_sizedat_flt1mkt0.png","Size comp data, whole catch, trawlers.<br><br>'N adj.' is the input sample size after data-weighting adjustment. N eff. is the calculated effective sample size used in the McAllister-Ianelli tuning method.",NA,"CompDat",2025-03-30 11:14:59.825905,"StartTime: Sat Mar 29 20:41:11 2025"
"comp_sizedat_bubflt1mkt0.png","Size comp data, whole catch, trawlers (max=0.07)",NA,"CompDat",2025-03-30 11:14:59.825905,"StartTime: Sat Mar 29 20:41:11 2025"
"comp_sizedat_data_weighting_TA1.8_trawlers.png","Mean size for trawlers with 95% confidence intervals based on current sample sizes.",NA,"CompDat",2025-03-30 11:14:59.825905,"StartTime: Sat Mar 29 20:41:11 2025"
"comp_sizedat_flt2mkt0.png","Size comp data, whole catch, volpal.<br><br>'N adj.' is the input sample size after data-weighting adjustment. N eff. is the calculated effective sample size used in the McAllister-Ianelli tuning method.",NA,"CompDat",2025-03-30 11:14:59.825905,"StartTime: Sat Mar 29 20:41:11 2025"
"comp_sizedat_bubflt2mkt0.png","Size comp data, whole catch, volpal (max=0.16)",NA,"CompDat",2025-03-30 11:14:59.825905,"StartTime: Sat Mar 29 20:41:11 2025"
"comp_sizedat_data_weighting_TA1.8_volpal.png","Mean size for volpal with 95% confidence intervals based on current sample sizes.",NA,"CompDat",2025-03-30 11:14:59.825905,"StartTime: Sat Mar 29 20:41:11 2025"
"comp_lenfit__aggregated_across_time.png","Length comps, aggregated across time by fleet.
 <br> Labels 'retained' and 'discard' indicate discarded or retained sampled for each fleet. Panels without this designation represent the whole catch.
",NA,"LenComp",2025-03-30 11:14:59.825905,"StartTime: Sat Mar 29 20:41:11 2025"
"comp_lenfit__page1_multi-fleet_comparison.png","Pearson residuals,  comparing across fleets (plot 1 of 2) <br> 
Closed bubbles are positive residuals (observed > expected) and open bubbles are negative residuals (observed < expected).",NA,"LenComp",2025-03-30 11:14:59.825905,"StartTime: Sat Mar 29 20:41:11 2025"
"comp_lenfit__page2_multi-fleet_comparison.png","Pearson residuals,  comparing across fleets (plot 2 of 2)",NA,"LenComp",2025-03-30 11:14:59.825905,"StartTime: Sat Mar 29 20:41:11 2025"
"comp_lenfit_flt1mkt2_page1.png","Length comps, retained, trawlers (plot 1 of 5).<br><br>'N adj.' is the input sample size after data-weighting adjustment. N eff. is the calculated effective sample size used in the McAllister-Ianelli tuning method.",NA,"LenComp",2025-03-30 11:14:59.825905,"StartTime: Sat Mar 29 20:41:11 2025"
"comp_lenfit_flt1mkt2_page2.png","Length comps, retained, trawlers (plot 1 of 5).<br><br>'N adj.' is the input sample size after data-weighting adjustment. N eff. is the calculated effective sample size used in the McAllister-Ianelli tuning method. (plot 2 of 5)",NA,"LenComp",2025-03-30 11:14:59.825905,"StartTime: Sat Mar 29 20:41:11 2025"
"comp_lenfit_flt1mkt2_page3.png","Length comps, retained, trawlers (plot 1 of 5).<br><br>'N adj.' is the input sample size after data-weighting adjustment. N eff. is the calculated effective sample size used in the McAllister-Ianelli tuning method. (plot 2 of 5) (plot 3 of 5)",NA,"LenComp",2025-03-30 11:14:59.825905,"StartTime: Sat Mar 29 20:41:11 2025"
"comp_lenfit_flt1mkt2_page4.png","Length comps, retained, trawlers (plot 1 of 5).<br><br>'N adj.' is the input sample size after data-weighting adjustment. N eff. is the calculated effective sample size used in the McAllister-Ianelli tuning method. (plot 2 of 5) (plot 3 of 5) (plot 4 of 5)",NA,"LenComp",2025-03-30 11:14:59.825905,"StartTime: Sat Mar 29 20:41:11 2025"
"comp_lenfit_flt1mkt2_page5.png","Length comps, retained, trawlers (plot 1 of 5).<br><br>'N adj.' is the input sample size after data-weighting adjustment. N eff. is the calculated effective sample size used in the McAllister-Ianelli tuning method. (plot 2 of 5) (plot 3 of 5) (plot 4 of 5) (plot 5 of 5)",NA,"LenComp",2025-03-30 11:14:59.825905,"StartTime: Sat Mar 29 20:41:11 2025"
"comp_lenfit_residsflt1mkt2_page5.png","Pearson residuals, retained, trawlers (max=68.26) (plot 5 of 5) <br> 
Closed bubbles are positive residuals (observed > expected) and open bubbles are negative residuals (observed < expected).",NA,"LenComp",2025-03-30 11:14:59.825905,"StartTime: Sat Mar 29 20:41:11 2025"
"comp_lenfit_sampsize_flt1mkt2.png","N-EffN comparison, Length comps, retained, trawlers",NA,"LenComp",2025-03-30 11:14:59.825905,"StartTime: Sat Mar 29 20:41:11 2025"
"comp_lenfit_data_weighting_TA1.8_trawlers.png","Mean length for trawlers with 95% confidence intervals based on current sample sizes.<br>Francis data weighting method TA1.8: thinner intervals (with capped ends) show result of further adjusting sample sizes based on suggested multiplier (with 95% interval) for len data from trawlers:<br>1.5378 (1.0764-2.7232) <br>For more info, see  <a href=https://doi.org/10.1139/f2011-025> Francis (2011)</a>.",NA,"LenComp",2025-03-30 11:14:59.825905,"StartTime: Sat Mar 29 20:41:11 2025"
"comp_lenfit_flt1mkt1_page1.png","Length comps, discard, trawlers (plot 1 of 5).<br><br>'N adj.' is the input sample size after data-weighting adjustment. N eff. is the calculated effective sample size used in the McAllister-Ianelli tuning method.",NA,"LenComp",2025-03-30 11:14:59.825905,"StartTime: Sat Mar 29 20:41:11 2025"
"comp_lenfit_flt1mkt1_page2.png","Length comps, discard, trawlers (plot 1 of 5).<br><br>'N adj.' is the input sample size after data-weighting adjustment. N eff. is the calculated effective sample size used in the McAllister-Ianelli tuning method. (plot 2 of 5)",NA,"LenComp",2025-03-30 11:14:59.825905,"StartTime: Sat Mar 29 20:41:11 2025"
"comp_lenfit_flt1mkt1_page3.png","Length comps, discard, trawlers (plot 1 of 5).<br><br>'N adj.' is the input sample size after data-weighting adjustment. N eff. is the calculated effective sample size used in the McAllister-Ianelli tuning method. (plot 2 of 5) (plot 3 of 5)",NA,"LenComp",2025-03-30 11:14:59.825905,"StartTime: Sat Mar 29 20:41:11 2025"
"comp_lenfit_flt1mkt1_page4.png","Length comps, discard, trawlers (plot 1 of 5).<br><br>'N adj.' is the input sample size after data-weighting adjustment. N eff. is the calculated effective sample size used in the McAllister-Ianelli tuning method. (plot 2 of 5) (plot 3 of 5) (plot 4 of 5)",NA,"LenComp",2025-03-30 11:14:59.825905,"StartTime: Sat Mar 29 20:41:11 2025"
"comp_lenfit_flt1mkt1_page5.png","Length comps, discard, trawlers (plot 1 of 5).<br><br>'N adj.' is the input sample size after data-weighting adjustment. N eff. is the calculated effective sample size used in the McAllister-Ianelli tuning method. (plot 2 of 5) (plot 3 of 5) (plot 4 of 5) (plot 5 of 5)",NA,"LenComp",2025-03-30 11:14:59.825905,"StartTime: Sat Mar 29 20:41:11 2025"
"comp_lenfit_residsflt1mkt1_page5.png","Pearson residuals, discard, trawlers (max=282.08) (plot 5 of 5) <br> 
Closed bubbles are positive residuals (observed > expected) and open bubbles are negative residuals (observed < expected).",NA,"LenComp",2025-03-30 11:14:59.825905,"StartTime: Sat Mar 29 20:41:11 2025"
"comp_lenfit_sampsize_flt1mkt1.png","N-EffN comparison, Length comps, discard, trawlers",NA,"LenComp",2025-03-30 11:14:59.825905,"StartTime: Sat Mar 29 20:41:11 2025"
"comp_lenfit_data_weighting_TA1.8_trawlers.png","Mean length for trawlers with 95% confidence intervals based on current sample sizes.<br>Francis data weighting method TA1.8: thinner intervals (with capped ends) show result of further adjusting sample sizes based on suggested multiplier (with 95% interval) for len data from trawlers:<br>1.5378 (1.0812-2.7459) <br>For more info, see  <a href=https://doi.org/10.1139/f2011-025> Francis (2011)</a>.",NA,"LenComp",2025-03-30 11:14:59.825905,"StartTime: Sat Mar 29 20:41:11 2025"
"comp_lenfit_flt2mkt0_page1.png","Length comps, whole catch, volpal (plot 1 of 5).<br><br>'N adj.' is the input sample size after data-weighting adjustment. N eff. is the calculated effective sample size used in the McAllister-Ianelli tuning method.",NA,"LenComp",2025-03-30 11:14:59.825905,"StartTime: Sat Mar 29 20:41:11 2025"
"comp_lenfit_flt2mkt0_page2.png","Length comps, whole catch, volpal (plot 1 of 5).<br><br>'N adj.' is the input sample size after data-weighting adjustment. N eff. is the calculated effective sample size used in the McAllister-Ianelli tuning method. (plot 2 of 5)",NA,"LenComp",2025-03-30 11:14:59.825905,"StartTime: Sat Mar 29 20:41:11 2025"
"comp_lenfit_flt2mkt0_page3.png","Length comps, whole catch, volpal (plot 1 of 5).<br><br>'N adj.' is the input sample size after data-weighting adjustment. N eff. is the calculated effective sample size used in the McAllister-Ianelli tuning method. (plot 2 of 5) (plot 3 of 5)",NA,"LenComp",2025-03-30 11:14:59.825905,"StartTime: Sat Mar 29 20:41:11 2025"
"comp_lenfit_flt2mkt0_page4.png","Length comps, whole catch, volpal (plot 1 of 5).<br><br>'N adj.' is the input sample size after data-weighting adjustment. N eff. is the calculated effective sample size used in the McAllister-Ianelli tuning method. (plot 2 of 5) (plot 3 of 5) (plot 4 of 5)",NA,"LenComp",2025-03-30 11:14:59.825905,"StartTime: Sat Mar 29 20:41:11 2025"
"comp_lenfit_flt2mkt0_page5.png","Length comps, whole catch, volpal (plot 1 of 5).<br><br>'N adj.' is the input sample size after data-weighting adjustment. N eff. is the calculated effective sample size used in the McAllister-Ianelli tuning method. (plot 2 of 5) (plot 3 of 5) (plot 4 of 5) (plot 5 of 5)",NA,"LenComp",2025-03-30 11:14:59.825905,"StartTime: Sat Mar 29 20:41:11 2025"
"comp_lenfit_residsflt2mkt0_page5.png","Pearson residuals, whole catch, volpal (max=14.15) (plot 5 of 5) <br> 
Closed bubbles are positive residuals (observed > expected) and open bubbles are negative residuals (observed < expected).",NA,"LenComp",2025-03-30 11:14:59.825905,"StartTime: Sat Mar 29 20:41:11 2025"
"comp_lenfit_sampsize_flt2mkt0.png","N-EffN comparison, Length comps, whole catch, volpal",NA,"LenComp",2025-03-30 11:14:59.825905,"StartTime: Sat Mar 29 20:41:11 2025"
"comp_lenfit_data_weighting_TA1.8_volpal.png","Mean length for volpal with 95% confidence intervals based on current sample sizes.<br>Francis data weighting method TA1.8: thinner intervals (with capped ends) show result of further adjusting sample sizes based on suggested multiplier (with 95% interval) for len data from volpal:<br>1.7476 (0.772-7.1083) <br>For more info, see  <a href=https://doi.org/10.1139/f2011-025> Francis (2011)</a>.",NA,"LenComp",2025-03-30 11:14:59.825905,"StartTime: Sat Mar 29 20:41:11 2025"
"comp_lenfit_flt3mkt0_page1.png","Length comps, whole catch, artisanal (plot 1 of 5).<br><br>'N adj.' is the input sample size after data-weighting adjustment. N eff. is the calculated effective sample size used in the McAllister-Ianelli tuning method.",NA,"LenComp",2025-03-30 11:14:59.825905,"StartTime: Sat Mar 29 20:41:11 2025"
"comp_lenfit_flt3mkt0_page2.png","Length comps, whole catch, artisanal (plot 1 of 5).<br><br>'N adj.' is the input sample size after data-weighting adjustment. N eff. is the calculated effective sample size used in the McAllister-Ianelli tuning method. (plot 2 of 5)",NA,"LenComp",2025-03-30 11:14:59.825905,"StartTime: Sat Mar 29 20:41:11 2025"
"comp_lenfit_flt3mkt0_page3.png","Length comps, whole catch, artisanal (plot 1 of 5).<br><br>'N adj.' is the input sample size after data-weighting adjustment. N eff. is the calculated effective sample size used in the McAllister-Ianelli tuning method. (plot 2 of 5) (plot 3 of 5)",NA,"LenComp",2025-03-30 11:14:59.825905,"StartTime: Sat Mar 29 20:41:11 2025"
"comp_lenfit_flt3mkt0_page4.png","Length comps, whole catch, artisanal (plot 1 of 5).<br><br>'N adj.' is the input sample size after data-weighting adjustment. N eff. is the calculated effective sample size used in the McAllister-Ianelli tuning method. (plot 2 of 5) (plot 3 of 5) (plot 4 of 5)",NA,"LenComp",2025-03-30 11:14:59.825905,"StartTime: Sat Mar 29 20:41:11 2025"
"comp_lenfit_flt3mkt0_page5.png","Length comps, whole catch, artisanal (plot 1 of 5).<br><br>'N adj.' is the input sample size after data-weighting adjustment. N eff. is the calculated effective sample size used in the McAllister-Ianelli tuning method. (plot 2 of 5) (plot 3 of 5) (plot 4 of 5) (plot 5 of 5)",NA,"LenComp",2025-03-30 11:14:59.825905,"StartTime: Sat Mar 29 20:41:11 2025"
"comp_lenfit_residsflt3mkt0_page5.png","Pearson residuals, whole catch, artisanal (max=212.14) (plot 5 of 5) <br> 
Closed bubbles are positive residuals (observed > expected) and open bubbles are negative residuals (observed < expected).",NA,"LenComp",2025-03-30 11:14:59.825905,"StartTime: Sat Mar 29 20:41:11 2025"
"comp_lenfit_sampsize_flt3mkt0.png","N-EffN comparison, Length comps, whole catch, artisanal",NA,"LenComp",2025-03-30 11:14:59.825905,"StartTime: Sat Mar 29 20:41:11 2025"
"comp_lenfit_data_weighting_TA1.8_artisanal.png","Mean length for artisanal with 95% confidence intervals based on current sample sizes.<br>Francis data weighting method TA1.8: thinner intervals (with capped ends) show result of further adjusting sample sizes based on suggested multiplier (with 95% interval) for len data from artisanal:<br>0.7314 (0.4186-1.9918) <br>For more info, see  <a href=https://doi.org/10.1139/f2011-025> Francis (2011)</a>.",NA,"LenComp",2025-03-30 11:14:59.825905,"StartTime: Sat Mar 29 20:41:11 2025"
"comp_lenfit_flt4mkt0_page1.png","Length comps, whole catch, cdTrw (plot 1 of 5).<br><br>'N adj.' is the input sample size after data-weighting adjustment. N eff. is the calculated effective sample size used in the McAllister-Ianelli tuning method.",NA,"LenComp",2025-03-30 11:14:59.825905,"StartTime: Sat Mar 29 20:41:11 2025"
"comp_lenfit_flt4mkt0_page2.png","Length comps, whole catch, cdTrw (plot 1 of 5).<br><br>'N adj.' is the input sample size after data-weighting adjustment. N eff. is the calculated effective sample size used in the McAllister-Ianelli tuning method. (plot 2 of 5)",NA,"LenComp",2025-03-30 11:14:59.825905,"StartTime: Sat Mar 29 20:41:11 2025"
"comp_lenfit_flt4mkt0_page3.png","Length comps, whole catch, cdTrw (plot 1 of 5).<br><br>'N adj.' is the input sample size after data-weighting adjustment. N eff. is the calculated effective sample size used in the McAllister-Ianelli tuning method. (plot 2 of 5) (plot 3 of 5)",NA,"LenComp",2025-03-30 11:14:59.825905,"StartTime: Sat Mar 29 20:41:11 2025"
"comp_lenfit_flt4mkt0_page4.png","Length comps, whole catch, cdTrw (plot 1 of 5).<br><br>'N adj.' is the input sample size after data-weighting adjustment. N eff. is the calculated effective sample size used in the McAllister-Ianelli tuning method. (plot 2 of 5) (plot 3 of 5) (plot 4 of 5)",NA,"LenComp",2025-03-30 11:14:59.825905,"StartTime: Sat Mar 29 20:41:11 2025"
"comp_lenfit_flt4mkt0_page5.png","Length comps, whole catch, cdTrw (plot 1 of 5).<br><br>'N adj.' is the input sample size after data-weighting adjustment. N eff. is the calculated effective sample size used in the McAllister-Ianelli tuning method. (plot 2 of 5) (plot 3 of 5) (plot 4 of 5) (plot 5 of 5)",NA,"LenComp",2025-03-30 11:14:59.825905,"StartTime: Sat Mar 29 20:41:11 2025"
"comp_lenfit_residsflt4mkt0_page5.png","Pearson residuals, whole catch, cdTrw (max=29.71) (plot 5 of 5) <br> 
Closed bubbles are positive residuals (observed > expected) and open bubbles are negative residuals (observed < expected).",NA,"LenComp",2025-03-30 11:14:59.825905,"StartTime: Sat Mar 29 20:41:11 2025"
"comp_lenfit_sampsize_flt4mkt0.png","N-EffN comparison, Length comps, whole catch, cdTrw",NA,"LenComp",2025-03-30 11:14:59.825905,"StartTime: Sat Mar 29 20:41:11 2025"
"comp_lenfit_data_weighting_TA1.8_cdTrw.png","Mean length for cdTrw with 95% confidence intervals based on current sample sizes.<br>Francis data weighting method TA1.8: thinner intervals (with capped ends) show result of further adjusting sample sizes based on suggested multiplier (with 95% interval) for len data from cdTrw:<br>0.6087 (0.4363-1.0284) <br>For more info, see  <a href=https://doi.org/10.1139/f2011-025> Francis (2011)</a>.",NA,"LenComp",2025-03-30 11:14:59.825905,"StartTime: Sat Mar 29 20:41:11 2025"
"comp_lenfit_flt5mkt0_page1.png","Length comps, whole catch, SpSurv (plot 1 of 2).<br><br>'N adj.' is the input sample size after data-weighting adjustment. N eff. is the calculated effective sample size used in the McAllister-Ianelli tuning method.",NA,"LenComp",2025-03-30 11:14:59.825905,"StartTime: Sat Mar 29 20:41:11 2025"
"comp_lenfit_flt5mkt0_page2.png","Length comps, whole catch, SpSurv (plot 1 of 2).<br><br>'N adj.' is the input sample size after data-weighting adjustment. N eff. is the calculated effective sample size used in the McAllister-Ianelli tuning method. (plot 2 of 2)",NA,"LenComp",2025-03-30 11:14:59.825905,"StartTime: Sat Mar 29 20:41:11 2025"
"comp_lenfit_residsflt5mkt0_page2.png","Pearson residuals, whole catch, SpSurv (max=97.85) (plot 2 of 2) <br> 
Closed bubbles are positive residuals (observed > expected) and open bubbles are negative residuals (observed < expected).",NA,"LenComp",2025-03-30 11:14:59.825905,"StartTime: Sat Mar 29 20:41:11 2025"
"comp_lenfit_sampsize_flt5mkt0.png","N-EffN comparison, Length comps, whole catch, SpSurv",NA,"LenComp",2025-03-30 11:14:59.825905,"StartTime: Sat Mar 29 20:41:11 2025"
"comp_lenfit_data_weighting_TA1.8_SpSurv.png","Mean length for SpSurv with 95% confidence intervals based on current sample sizes.<br>Francis data weighting method TA1.8: thinner intervals (with capped ends) show result of further adjusting sample sizes based on suggested multiplier (with 95% interval) for len data from SpSurv:<br>0.1463 (0.1112-0.2126) <br>For more info, see  <a href=https://doi.org/10.1139/f2011-025> Francis (2011)</a>.",NA,"LenComp",2025-03-30 11:14:59.825905,"StartTime: Sat Mar 29 20:41:11 2025"
"comp_lenfit_flt6mkt0_page1.png","Length comps, whole catch, PtSurv (plot 1 of 2).<br><br>'N adj.' is the input sample size after data-weighting adjustment. N eff. is the calculated effective sample size used in the McAllister-Ianelli tuning method.",NA,"LenComp",2025-03-30 11:14:59.825905,"StartTime: Sat Mar 29 20:41:11 2025"
"comp_lenfit_flt6mkt0_page2.png","Length comps, whole catch, PtSurv (plot 1 of 2).<br><br>'N adj.' is the input sample size after data-weighting adjustment. N eff. is the calculated effective sample size used in the McAllister-Ianelli tuning method. (plot 2 of 2)",NA,"LenComp",2025-03-30 11:14:59.825905,"StartTime: Sat Mar 29 20:41:11 2025"
"comp_lenfit_residsflt6mkt0_page2.png","Pearson residuals, whole catch, PtSurv (max=120.1) (plot 2 of 2) <br> 
Closed bubbles are positive residuals (observed > expected) and open bubbles are negative residuals (observed < expected).",NA,"LenComp",2025-03-30 11:14:59.825905,"StartTime: Sat Mar 29 20:41:11 2025"
"comp_lenfit_sampsize_flt6mkt0.png","N-EffN comparison, Length comps, whole catch, PtSurv",NA,"LenComp",2025-03-30 11:14:59.825905,"StartTime: Sat Mar 29 20:41:11 2025"
"comp_lenfit_data_weighting_TA1.8_PtSurv.png","Mean length for PtSurv with 95% confidence intervals based on current sample sizes.<br>Francis data weighting method TA1.8: thinner intervals (with capped ends) show result of further adjusting sample sizes based on suggested multiplier (with 95% interval) for len data from PtSurv:<br>0.1139 (0.0798-0.2015) <br>For more info, see  <a href=https://doi.org/10.1139/f2011-025> Francis (2011)</a>.",NA,"LenComp",2025-03-30 11:14:59.825905,"StartTime: Sat Mar 29 20:41:11 2025"
"comp_lenfit_flt7mkt0.png","Length comps, whole catch, CdSurv.<br><br>'N adj.' is the input sample size after data-weighting adjustment. N eff. is the calculated effective sample size used in the McAllister-Ianelli tuning method.",NA,"LenComp",2025-03-30 11:14:59.825905,"StartTime: Sat Mar 29 20:41:11 2025"
"comp_lenfit_residsflt7mkt0.png","Pearson residuals, whole catch, CdSurv (max=70.28) <br> 
Closed bubbles are positive residuals (observed > expected) and open bubbles are negative residuals (observed < expected).",NA,"LenComp",2025-03-30 11:14:59.825905,"StartTime: Sat Mar 29 20:41:11 2025"
"comp_lenfit_sampsize_flt7mkt0.png","N-EffN comparison, Length comps, whole catch, CdSurv",NA,"LenComp",2025-03-30 11:14:59.825905,"StartTime: Sat Mar 29 20:41:11 2025"
"comp_lenfit_data_weighting_TA1.8_CdSurv.png","Mean length for CdSurv with 95% confidence intervals based on current sample sizes.<br>Francis data weighting method TA1.8: thinner intervals (with capped ends) show result of further adjusting sample sizes based on suggested multiplier (with 95% interval) for len data from CdSurv:<br>0.1707 (0.1124-0.3742) <br>For more info, see  <a href=https://doi.org/10.1139/f2011-025> Francis (2011)</a>.",NA,"LenComp",2025-03-30 11:14:59.825905,"StartTime: Sat Mar 29 20:41:11 2025"
"sexratio_len_flt5mkt0_page1.png","Sex ratios for length comps, whole catch, SpSurv (plot 1 of 2).<br>Observed sex ratios (points) with 75% intervals (vertical lines) calculated as a <a href='https://www.jstor.org/stable/2676784'>Jeffreys interval</a> based on the adjusted input sample size. The model expectation is shown  in the purple line.",NA,"LenComp",2025-03-30 11:14:59.825905,"StartTime: Sat Mar 29 20:41:11 2025"
"sexratio_len_flt5mkt0_page2.png","Sex ratios for length comps, whole catch, SpSurv (plot 1 of 2).<br>Observed sex ratios (points) with 75% intervals (vertical lines) calculated as a <a href='https://www.jstor.org/stable/2676784'>Jeffreys interval</a> based on the adjusted input sample size. The model expectation is shown  in the purple line. (plot 2 of 2)",NA,"LenComp",2025-03-30 11:14:59.825905,"StartTime: Sat Mar 29 20:41:11 2025"
"sexratio_len_flt6mkt0_page1.png","Sex ratios for length comps, whole catch, PtSurv (plot 1 of 2).<br>Observed sex ratios (points) with 75% intervals (vertical lines) calculated as a <a href='https://www.jstor.org/stable/2676784'>Jeffreys interval</a> based on the adjusted input sample size. The model expectation is shown  in the purple line.",NA,"LenComp",2025-03-30 11:14:59.825905,"StartTime: Sat Mar 29 20:41:11 2025"
"sexratio_len_flt6mkt0_page2.png","Sex ratios for length comps, whole catch, PtSurv (plot 1 of 2).<br>Observed sex ratios (points) with 75% intervals (vertical lines) calculated as a <a href='https://www.jstor.org/stable/2676784'>Jeffreys interval</a> based on the adjusted input sample size. The model expectation is shown  in the purple line. (plot 2 of 2)",NA,"LenComp",2025-03-30 11:14:59.825905,"StartTime: Sat Mar 29 20:41:11 2025"
"comp_sizefit__aggregated_across_time.png","Size comps, aggregated across time by fleet.
 <br> Labels 'retained' and 'discard' indicate discarded or retained sampled for each fleet. Panels without this designation represent the whole catch.
",NA,"SizeComp",2025-03-30 11:14:59.825905,"StartTime: Sat Mar 29 20:41:11 2025"
"comp_sizefit_flt1mkt0.png","Size comps, whole catch, trawlers.<br><br>'N adj.' is the input sample size after data-weighting adjustment. N eff. is the calculated effective sample size used in the McAllister-Ianelli tuning method.",NA,"SizeComp",2025-03-30 11:14:59.825905,"StartTime: Sat Mar 29 20:41:11 2025"
"comp_sizefit_residsflt1mkt0.png","Pearson residuals, whole catch, trawlers (max=1.57) <br> 
Closed bubbles are positive residuals (observed > expected) and open bubbles are negative residuals (observed < expected).",NA,"SizeComp",2025-03-30 11:14:59.825905,"StartTime: Sat Mar 29 20:41:11 2025"
"comp_sizefit_sampsize_flt1mkt0.png","N-EffN comparison, Size comps, whole catch, trawlers",NA,"SizeComp",2025-03-30 11:14:59.825905,"StartTime: Sat Mar 29 20:41:11 2025"
"comp_sizefit_data_weighting_TA1.8_trawlers.png","Mean size for trawlers with 95% confidence intervals based on current sample sizes.<br>Francis data weighting method TA1.8: thinner intervals (with capped ends) show result of further adjusting sample sizes based on suggested multiplier (with 95% interval) for size data from trawlers:<br>0.2084 (0.1433-0.4722) <br>For more info, see  <a href=https://doi.org/10.1139/f2011-025> Francis (2011)</a>.",NA,"SizeComp",2025-03-30 11:14:59.825905,"StartTime: Sat Mar 29 20:41:11 2025"
"comp_sizefit_flt2mkt0.png","Size comps, whole catch, volpal.<br><br>'N adj.' is the input sample size after data-weighting adjustment. N eff. is the calculated effective sample size used in the McAllister-Ianelli tuning method.",NA,"SizeComp",2025-03-30 11:14:59.825905,"StartTime: Sat Mar 29 20:41:11 2025"
"comp_sizefit_residsflt2mkt0.png","Pearson residuals, whole catch, volpal (max=2.35) <br> 
Closed bubbles are positive residuals (observed > expected) and open bubbles are negative residuals (observed < expected).",NA,"SizeComp",2025-03-30 11:14:59.825905,"StartTime: Sat Mar 29 20:41:11 2025"
"comp_sizefit_sampsize_flt2mkt0.png","N-EffN comparison, Size comps, whole catch, volpal",NA,"SizeComp",2025-03-30 11:14:59.825905,"StartTime: Sat Mar 29 20:41:11 2025"
"comp_sizefit_data_weighting_TA1.8_volpal.png","Mean size for volpal with 95% confidence intervals based on current sample sizes.<br>Francis data weighting method TA1.8: thinner intervals (with capped ends) show result of further adjusting sample sizes based on suggested multiplier (with 95% interval) for size data from volpal:<br>1.9268 (1.2584-6.0092) <br>For more info, see  <a href=https://doi.org/10.1139/f2011-025> Francis (2011)</a>.",NA,"SizeComp",2025-03-30 11:14:59.825905,"StartTime: Sat Mar 29 20:41:11 2025"
"yield1_yield_curve.png","Yield curve",NA,"Yield",2025-03-30 11:14:59.825905,"StartTime: Sat Mar 29 20:41:11 2025"
"yield2_yield_curve_with_refpoints.png","Yield curve with reference points",NA,"Yield",2025-03-30 11:14:59.825905,"StartTime: Sat Mar 29 20:41:11 2025"
"yield3_surplus_production.png","Surplus production vs. biomass plot. For interpretation, see<br> <blockquote>Walters, Hilborn, and  Christensen, 2008, Surplus production dynamics in declining and recovering fish populations. <i>Can. J. Fish. Aquat. Sci.</i> 65: 2536-2551.</blockquote>",NA,"Yield",2025-03-30 11:14:59.825905,"StartTime: Sat Mar 29 20:41:11 2025"
"yield4_YPR_timeseries.png","Time series of yield per recruit (kg)",NA,"Yield",2025-03-30 11:14:59.825905,"StartTime: Sat Mar 29 20:41:11 2025"
"data_plot.png","Data presence by year for each fleet and data type.",NA,"Data",2025-03-30 11:14:59.825905,"StartTime: Sat Mar 29 20:41:11 2025"
"data_plot2.png","Data presence by year for each fleet, where circle area is <br>  relative within a data type. Circles are proportional to <br>  total catch for catches; to precision for indices, discards, and <br>  mean body weight observations; and to total sample size for <br> compositions and mean weight- or length-at-age observations. <br> Observations excluded from the likelihood have <br> equal size for all years. <br> Note that since the circles are are scaled relative <br>  to maximum within each type, the scaling within separate plots <br>  should not be compared. <br>This is a seasonal model, so scaling is based on either <br>  the sum of samples within each year (for things like comps) <br>  or the average among observations within a year (for  <br>  things like index uncertainty).",NA,"Data",2025-03-30 11:14:59.825905,"StartTime: Sat Mar 29 20:41:11 2025"
"parameter_distributions_page1.png","Parameter distribution plots (plot 1 of 5). <br>Deviation parameters are not included. <br>F parameters are not included. <br>Plotting range is equal to input limits on parameters. Use fitrange = TRUE to scale the range to the estimates.",NA,"Pars",2025-03-30 11:14:59.825905,"StartTime: Sat Mar 29 20:41:11 2025"
"parameter_distributions_page2.png","Parameter distribution plots (plot 2 of 5).",NA,"Pars",2025-03-30 11:14:59.825905,"StartTime: Sat Mar 29 20:41:11 2025"
"parameter_distributions_page3.png","Parameter distribution plots (plot 3 of 5).",NA,"Pars",2025-03-30 11:14:59.825905,"StartTime: Sat Mar 29 20:41:11 2025"
"parameter_distributions_page4.png","Parameter distribution plots (plot 4 of 5).",NA,"Pars",2025-03-30 11:14:59.825905,"StartTime: Sat Mar 29 20:41:11 2025"
"parameter_distributions_page5.png","Parameter distribution plots (plot 5 of 5).",NA,"Pars",2025-03-30 11:14:59.825905,"StartTime: Sat Mar 29 20:41:11 2025"
"parameterchecks.html","<b>Estimated parameters (excluding deviation parameters)</b><br> Any parameter with a gradient value with an absolute value above 0.001 or a parameter on bounds is colored in red.",NA,"DiagnosticTables",2025-03-30 11:14:59.825905,"StartTime: Sat Mar 29 20:41:11 2025"
"correlationcheck.html","<b>Highly correlated parameter pairs</b><br> Pairs of parameters with the  50  highest correlations, sorted by absolute value of the correlation. Correlations above 0.95 (in absolute value) are colored in red. These parameters may be confounded or may cause convergence issues.",NA,"DiagnosticTables",2025-03-30 11:14:59.825905,"StartTime: Sat Mar 29 20:41:11 2025"
"lowcorrelationcheck.html","<b>Parameters with low correlations</b><br> Estimated parameters that are the least correlated with all other parameters. The correlation value represents the maximum correlation between the parameter in question and all other estimated parameters. Uncorrelated parameters may not be playing a significant role in the model. Maximum correlations below 0.01 are colored in red.",NA,"DiagnosticTables",2025-03-30 11:14:59.825905,"StartTime: Sat Mar 29 20:41:11 2025"
